datetime,symbol,current_price,obi,cvd,micro_price,threshold,signal_type
2026-02-20T10:19:46.407109+09:00,5016,3385.0,0.7895,124700,3384.9,0.6898,ENTRY
2026-02-20T10:19:47.309739+09:00,5016,3385.0,0.7778,130100,3384.9,0.7497,ENTRY
2026-02-20T10:19:54.015754+09:00,7013,4353.0,0.9444,215300,4353.0,0.8768,ENTRY
2026-02-20T10:19:54.076784+09:00,7013,4353.0,0.9444,218700,4353.0,0.9272,ENTRY
2026-02-20T10:20:02.019172+09:00,3103,1260.0,0.8571,61600,1260.9,0.7717,ENTRY
2026-02-20T10:20:31.835938+09:00,9984,4303.0,0.5833,375500,4302.8,0.5465,ENTRY
2026-02-20T10:20:35.805844+09:00,9984,4301.0,-0.1429,551500,4301.9,-0.0908,EXIT
2026-02-20T10:20:51.203037+09:00,4005,568.5,0.8000,1580200,568.5,0.7076,ENTRY
2026-02-20T10:20:52.450811+09:00,4005,568.4,-0.6296,1581100,568.4,-0.4917,EXIT
2026-02-20T10:20:52.853887+09:00,7013,4360.0,0.8122,390900,4361.8,0.3946,ENTRY
2026-02-20T10:20:52.919001+09:00,7013,4362.0,0.8122,408200,4361.8,0.4796,ENTRY
2026-02-20T10:20:52.978565+09:00,7013,4363.0,0.8122,425500,4361.8,0.5579,ENTRY
2026-02-20T10:20:53.032385+09:00,7013,4363.0,0.8122,442800,4361.8,0.6309,ENTRY
2026-02-20T10:20:53.220735+09:00,7013,4363.0,0.8122,460100,4361.8,0.6995,ENTRY
2026-02-20T10:21:18.346449+09:00,7013,4355.0,0.4667,652500,4357.7,0.3541,ENTRY
2026-02-20T10:21:18.481988+09:00,7013,4358.0,0.4667,653200,4357.7,0.3848,ENTRY
2026-02-20T10:21:18.524874+09:00,7013,4358.0,0.4667,653900,4357.7,0.4328,ENTRY
2026-02-20T10:21:45.578666+09:00,7013,4362.0,0.7778,655300,4361.9,0.6734,ENTRY
2026-02-20T10:21:45.718347+09:00,7013,4362.0,0.7778,656000,4361.9,0.7317,ENTRY
2026-02-20T10:21:56.402223+09:00,7013,4361.0,0.8095,472800,4360.9,0.7598,ENTRY
2026-02-20T10:22:12.441092+09:00,7013,4356.0,0.9062,495600,4356.0,0.8359,ENTRY
2026-02-20T10:22:12.491011+09:00,7013,4356.0,0.9062,501400,4356.0,0.8966,ENTRY
2026-02-20T10:22:15.550392+09:00,9984,4302.0,0.9459,437700,4301.0,0.8078,ENTRY
2026-02-20T10:22:16.018704+09:00,9984,4301.0,-0.7500,437000,4301.1,-0.4540,EXIT
2026-02-20T10:23:10.535987+09:00,7013,4359.0,0.9091,419900,4359.0,0.7564,ENTRY
2026-02-20T10:23:10.635399+09:00,7013,4359.0,0.9091,423900,4359.0,0.8300,ENTRY
2026-02-20T10:24:31.591157+09:00,4506,2594.0,0.8333,288700,2594.0,0.8265,ENTRY
2026-02-20T10:24:31.991773+09:00,4506,2595.0,-0.8857,287600,2594.1,-0.1207,EXIT
2026-02-20T10:24:34.639110+09:00,7013,4349.0,0.8065,471900,4349.9,0.7511,ENTRY
2026-02-20T10:24:35.128061+09:00,7013,4349.0,0.8065,474400,4349.9,0.7577,ENTRY
2026-02-20T10:24:40.224117+09:00,7013,4350.0,0.9310,468800,4351.0,0.8965,ENTRY
2026-02-20T10:24:47.918983+09:00,9501,696.3,0.5500,236500,696.3,0.3822,ENTRY
2026-02-20T10:24:55.253752+09:00,9501,696.3,-0.8889,228600,696.3,-0.6849,EXIT
2026-02-20T10:24:55.689646+09:00,7013,4352.0,0.6786,450300,4351.7,0.5585,ENTRY
2026-02-20T10:24:56.049490+09:00,7013,4351.0,0.6786,454100,4351.7,0.6180,ENTRY
2026-02-20T10:24:56.597071+09:00,7013,4351.0,0.6786,457900,4351.7,0.6741,ENTRY
2026-02-20T10:24:59.419246+09:00,7013,4353.0,0.9048,460400,4353.0,0.8408,ENTRY
2026-02-20T10:24:59.902349+09:00,7013,4353.0,0.9048,462300,4353.0,0.8932,ENTRY
2026-02-20T10:26:30.304194+09:00,7013,4365.0,0.3333,531500,4364.7,0.1913,ENTRY
2026-02-20T10:26:30.740475+09:00,7013,4365.0,0.2000,531700,4364.6,0.1913,ENTRY
2026-02-20T10:26:31.157121+09:00,7013,4365.0,0.2727,532000,4364.6,0.1991,ENTRY
2026-02-20T10:26:31.535852+09:00,7013,4364.0,0.2727,532300,4364.6,0.2380,ENTRY
2026-02-20T10:26:31.897711+09:00,7013,4364.0,0.3333,532900,4364.7,0.3087,ENTRY
2026-02-20T10:26:32.633188+09:00,7013,4364.0,0.6000,533900,4363.8,0.4167,ENTRY
2026-02-20T10:26:33.093908+09:00,7013,4364.0,0.6190,535200,4363.8,0.4732,ENTRY
2026-02-20T10:26:33.564992+09:00,7013,4364.0,0.6190,536500,4363.8,0.5241,ENTRY
2026-02-20T10:26:34.006806+09:00,7013,4364.0,0.6190,537800,4363.8,0.5805,ENTRY
2026-02-20T10:26:34.403323+09:00,7013,4364.0,0.7000,540500,4363.9,0.6907,ENTRY
2026-02-20T10:26:39.983525+09:00,4506,2559.0,0.7143,257600,2559.8,0.4872,ENTRY
2026-02-20T10:26:41.346132+09:00,4506,2560.0,-0.4667,258700,2559.9,-0.4560,EXIT
2026-02-20T10:26:59.604374+09:00,7013,4365.0,0.9000,552100,4364.9,0.8691,ENTRY
2026-02-20T10:27:21.314966+09:00,4506,2560.0,0.8873,20000,2560.5,0.8221,ENTRY
2026-02-20T10:27:23.574748+09:00,4506,2556.0,0.0909,134100,2557.5,0.0979,EXIT
2026-02-20T10:27:27.198869+09:00,4506,2552.5,0.7500,8400,2552.9,0.7476,ENTRY
2026-02-20T10:27:28.078480+09:00,4506,2553.0,-0.5000,12400,2552.2,-0.3701,EXIT
2026-02-20T10:27:29.739992+09:00,4506,2549.5,0.9412,600,2551.0,0.9059,ENTRY
2026-02-20T10:27:31.687916+09:00,4506,2550.5,-0.6000,14300,2550.7,-0.2796,EXIT
2026-02-20T10:27:50.813405+09:00,7013,4363.0,0.6364,667300,4362.8,0.5083,ENTRY
2026-02-20T10:27:51.296137+09:00,7013,4363.0,0.6364,669400,4362.8,0.5483,ENTRY
2026-02-20T10:27:51.690941+09:00,7013,4363.0,0.6364,671500,4362.8,0.5830,ENTRY
2026-02-20T10:27:52.129773+09:00,7013,4363.0,0.6364,673600,4362.8,0.6198,ENTRY
2026-02-20T10:27:52.565354+09:00,7013,4363.0,0.7419,675900,4362.9,0.6755,ENTRY
2026-02-20T10:27:52.957291+09:00,7013,4363.0,0.7241,678000,4362.9,0.7222,ENTRY
2026-02-20T10:27:53.371874+09:00,7013,4363.0,0.8519,682400,4362.9,0.8188,ENTRY
2026-02-20T10:37:38.508447+09:00,4582,213.0,0.7056,36500,212.9,0.4244,ENTRY_BUY
2026-02-20T10:37:40.530604+09:00,4582,214.0,-0.9130,105600,213.0,-0.1942,EXIT_BUY
2026-02-20T10:39:21.228690+09:00,4582,213.0,0.9850,1585100,213.0,0.1809,ENTRY_BUY
2026-02-20T10:39:23.333465+09:00,4582,213.0,-0.9802,1670600,213.0,-0.6404,EXIT_BUY
2026-02-20T10:39:52.611879+09:00,4005,570.1,0.9398,10600,570.2,0.7428,ENTRY_BUY
2026-02-20T10:39:58.302218+09:00,4005,570.3,-0.7500,36200,570.3,-0.6590,EXIT_BUY
2026-02-20T10:39:58.919056+09:00,5016,3388.0,0.9130,230400,3389.0,0.2806,ENTRY_BUY
2026-02-20T10:40:00.760281+09:00,5016,3388.0,0.8889,228300,3388.9,0.4431,ENTRY_BUY
2026-02-20T10:40:01.235794+09:00,5016,3388.0,0.6250,229300,3388.8,0.5169,ENTRY_BUY
2026-02-20T10:40:01.717126+09:00,5016,3388.0,0.6842,230600,3388.8,0.6043,ENTRY_BUY
2026-02-20T10:40:02.990024+09:00,7013,4323.0,0.5000,286600,4322.8,0.3838,ENTRY_BUY
2026-02-20T10:40:03.388166+09:00,7013,4322.0,0.5000,287200,4322.8,0.4433,ENTRY_BUY
2026-02-20T10:40:03.849621+09:00,7013,4322.0,0.5000,287800,4322.8,0.4953,ENTRY_BUY
2026-02-20T10:41:32.640786+09:00,5016,3389.0,0.2941,471300,3388.6,0.0941,ENTRY_BUY
2026-02-20T10:41:35.649746+09:00,5016,3387.0,0.3770,461700,3387.4,0.1981,ENTRY_BUY
2026-02-20T10:41:38.226673+09:00,5016,3387.0,0.8970,474100,3386.9,0.4023,ENTRY_BUY
2026-02-20T10:41:38.616037+09:00,5016,3385.0,0.8970,495000,3386.9,0.5613,ENTRY_BUY
2026-02-20T10:41:39.011822+09:00,5016,3385.0,0.8970,515900,3386.9,0.7017,ENTRY_BUY
2026-02-20T10:41:39.412745+09:00,5016,3385.0,0.8970,536800,3386.9,0.8277,ENTRY_BUY
2026-02-20T10:42:07.530414+09:00,7013,4317.0,0.8750,756700,4317.9,0.8141,ENTRY_BUY
2026-02-20T10:43:11.834788+09:00,5016,3386.0,0.8919,504500,3385.9,0.8104,ENTRY_BUY
2026-02-20T10:43:31.904523+09:00,4582,209.0,0.9821,8050300,209.0,0.7212,ENTRY_BUY
2026-02-20T10:43:46.030609+09:00,4582,209.0,0.0833,8060800,208.5,0.2695,EXIT_BUY
2026-02-20T10:44:01.425521+09:00,5016,3387.0,0.9167,512800,3387.0,0.8780,ENTRY_BUY
2026-02-20T10:44:27.056708+09:00,4582,205.0,0.7288,827300,205.7,0.6399,ENTRY_BUY
2026-02-20T10:44:27.909153+09:00,4582,205.0,-0.9837,1017600,205.0,-0.5685,EXIT_BUY
2026-02-20T10:44:48.925632+09:00,9501,693.6,-0.2222,-485100,693.6,-0.0023,ENTRY_SELL
2026-02-20T10:45:00.099039+09:00,9501,693.6,0.0909,-487300,693.6,-0.0426,EXIT_SELL
2026-02-20T10:45:04.795089+09:00,4005,570.0,0.7778,289100,570.0,0.7712,ENTRY_BUY
2026-02-20T10:45:08.847108+09:00,4005,569.7,-0.3846,300200,569.7,-0.3818,EXIT_BUY
2026-02-20T10:45:28.439036+09:00,4582,204.0,-0.9874,-4975600,204.0,-0.9235,ENTRY_SELL
2026-02-20T10:45:29.413469+09:00,5016,3378.0,0.7288,953100,3377.9,0.4859,ENTRY_BUY
2026-02-20T10:45:29.893090+09:00,4582,204.0,-0.9874,-4991300,204.0,-0.9799,ENTRY_SELL
2026-02-20T10:45:30.937026+09:00,5016,3377.0,0.6949,957200,3377.8,0.5464,ENTRY_BUY
2026-02-20T10:45:31.338291+09:00,5016,3377.0,0.6949,961300,3377.8,0.6015,ENTRY_BUY
2026-02-20T10:45:31.769257+09:00,5016,3377.0,0.6949,965400,3377.8,0.6523,ENTRY_BUY
2026-02-20T10:45:32.412493+09:00,5016,3377.0,0.8705,987400,3376.9,0.8334,ENTRY_BUY
2026-02-20T10:45:40.028801+09:00,4005,569.6,0.8507,65100,569.6,0.8083,ENTRY_BUY
2026-02-20T10:46:00.144053+09:00,4005,569.6,0.6623,341500,569.6,0.7106,EXIT_BUY
2026-02-20T10:46:39.912772+09:00,5016,3376.0,0.6667,2027000,3376.8,0.6340,ENTRY_BUY
2026-02-20T10:47:10.913355+09:00,7013,4287.0,0.8571,1872900,4286.9,0.7786,ENTRY_BUY
2026-02-20T10:47:25.279054+09:00,9501,694.7,0.6667,691500,694.7,0.4974,ENTRY_BUY
2026-02-20T10:47:25.725699+09:00,9501,694.7,-0.8889,689900,694.6,-0.7619,EXIT_BUY
2026-02-20T10:47:47.804058+09:00,4582,204.0,-0.3891,-9028200,203.6,0.0677,ENTRY_SELL
2026-02-20T10:47:48.759976+09:00,4582,204.0,-0.3891,-9052400,203.6,-0.0503,ENTRY_SELL
2026-02-20T10:47:49.663099+09:00,4582,204.0,-0.6801,-9089400,204.2,-0.2123,ENTRY_SELL
2026-02-20T10:47:50.891595+09:00,4582,204.0,-0.6801,-9126400,204.2,-0.3464,ENTRY_SELL
2026-02-20T10:47:52.180290+09:00,9501,693.9,0.3478,54000,693.9,0.3180,ENTRY_BUY
2026-02-20T10:47:57.323624+09:00,9501,693.9,-0.6923,100100,693.8,-0.6216,EXIT_BUY
2026-02-20T10:47:58.557293+09:00,4582,204.0,-0.9356,-8668100,204.0,-0.5412,ENTRY_SELL
2026-02-20T10:47:59.520060+09:00,4582,204.0,-0.9356,-8711700,204.0,-0.6908,ENTRY_SELL
2026-02-20T10:48:00.440600+09:00,4582,204.0,-0.9356,-8755300,204.0,-0.8252,ENTRY_SELL
2026-02-20T10:48:52.658895+09:00,4582,205.0,-0.9809,-9501700,205.0,-0.4849,ENTRY_SELL
2026-02-20T10:48:53.478556+09:00,4582,206.0,-0.9809,-9522200,205.0,-0.6266,ENTRY_SELL
2026-02-20T10:48:54.313771+09:00,4582,206.0,-0.9809,-9542700,205.0,-0.7533,ENTRY_SELL
2026-02-20T10:48:55.112590+09:00,4582,206.0,-0.9803,-9562600,205.0,-0.8704,ENTRY_SELL
2026-02-20T10:48:55.931432+09:00,4582,205.0,-0.9803,-9582500,205.0,-0.9784,ENTRY_SELL
2026-02-20T10:48:56.820889+09:00,5016,3378.0,0.5455,2120800,3378.8,0.4681,ENTRY_BUY
2026-02-20T10:48:57.184793+09:00,5016,3378.0,0.5652,2123400,3378.8,0.5491,ENTRY_BUY
2026-02-20T10:49:42.589166+09:00,4582,205.0,-0.9029,-8002600,205.0,-0.1042,ENTRY_SELL
2026-02-20T10:49:43.451846+09:00,4582,205.0,-0.9029,-8011900,205.0,-0.2905,ENTRY_SELL
2026-02-20T10:49:46.904993+09:00,4582,205.0,-0.6000,-7597800,205.2,-0.2612,ENTRY_SELL
2026-02-20T10:49:47.728107+09:00,4582,205.0,-0.6000,-7612800,205.2,-0.3990,ENTRY_SELL
2026-02-20T10:49:48.522153+09:00,4582,205.0,-0.6000,-7627800,205.2,-0.5230,ENTRY_SELL
2026-02-20T10:49:53.264749+09:00,4582,206.0,-0.9807,-7087000,205.0,-0.8539,ENTRY_SELL
2026-02-20T10:50:02.089140+09:00,5016,3377.0,0.8286,2166700,3376.9,0.6841,ENTRY_BUY
2026-02-20T10:50:02.559775+09:00,5016,3377.0,0.8286,2169600,3376.9,0.7348,ENTRY_BUY
2026-02-20T10:50:05.937603+09:00,7013,4293.0,0.5556,2492600,4292.8,0.4534,ENTRY_BUY
2026-02-20T10:50:06.412184+09:00,7013,4294.0,0.5556,2493100,4292.8,0.5324,ENTRY_BUY
2026-02-20T10:50:54.771335+09:00,9501,692.2,-0.9444,-398700,692.2,-0.4070,ENTRY_SELL
2026-02-20T10:51:02.558639+09:00,9501,692.2,0.8182,-411600,692.2,0.5684,EXIT_SELL
2026-02-20T10:51:20.608193+09:00,5016,3373.0,0.3514,2482900,3372.7,0.3347,ENTRY_BUY
2026-02-20T10:51:21.361693+09:00,4005,568.7,0.9512,297900,568.7,0.7739,ENTRY_BUY
2026-02-20T10:51:25.633567+09:00,4005,568.9,-0.6667,305600,568.8,-0.3724,EXIT_BUY
2026-02-20T10:51:29.558618+09:00,4582,206.0,-0.2121,-5809000,206.4,-0.1685,ENTRY_SELL
2026-02-20T10:51:30.330322+09:00,4582,206.0,-0.4409,-5813100,206.3,-0.2768,ENTRY_SELL
2026-02-20T10:51:31.111410+09:00,4582,206.0,-0.4409,-5817200,206.3,-0.3735,ENTRY_SELL
2026-02-20T10:52:29.051215+09:00,7013,4276.0,0.5263,2723900,4276.5,0.3668,ENTRY_BUY
2026-02-20T10:52:29.446813+09:00,7013,4276.0,0.7838,2726800,4276.8,0.4979,ENTRY_BUY
2026-02-20T10:52:30.133910+09:00,7013,4275.0,0.8000,2733200,4275.9,0.7148,ENTRY_BUY
2026-02-20T10:52:32.606933+09:00,4582,206.0,0.3492,-2172900,206.7,0.5144,ENTRY_SELL
2026-02-20T10:52:33.435634+09:00,4582,206.0,0.2500,-2169500,206.6,0.4470,ENTRY_SELL
2026-02-20T10:52:34.247532+09:00,4582,206.0,0.2031,-2166900,206.6,0.3814,ENTRY_SELL
2026-02-20T10:52:35.073275+09:00,4582,206.0,0.2031,-2164300,206.6,0.3261,ENTRY_SELL
2026-02-20T10:52:36.987216+09:00,4582,206.0,0.2276,-2098800,206.6,0.2331,ENTRY_SELL
2026-02-20T10:52:43.397926+09:00,7013,4274.0,0.8519,2717600,4273.9,0.7942,ENTRY_BUY
2026-02-20T10:52:45.270851+09:00,4582,207.0,-0.9720,-1854500,207.0,-0.2140,ENTRY_SELL
2026-02-20T10:52:46.132923+09:00,4582,207.0,-0.9720,-1889200,207.0,-0.4122,ENTRY_SELL
2026-02-20T10:52:46.972412+09:00,4582,207.0,-0.9394,-1923300,207.0,-0.5704,ENTRY_SELL
2026-02-20T10:52:47.826902+09:00,4582,207.0,-0.9394,-1957400,207.0,-0.7082,ENTRY_SELL
2026-02-20T10:52:48.617396+09:00,4582,207.0,-0.9942,-1991500,207.0,-0.8383,ENTRY_SELL
2026-02-20T10:52:49.414683+09:00,4582,207.0,-0.9943,-2026100,207.0,-0.9551,ENTRY_SELL
2026-02-20T10:53:14.212502+09:00,4582,209.0,-0.8952,-3728500,209.1,-0.8257,ENTRY_SELL
2026-02-20T10:53:15.117084+09:00,4582,209.0,-0.8863,-3747200,209.1,-0.8373,ENTRY_SELL
2026-02-20T10:53:16.014007+09:00,4582,209.0,-0.8863,-3765900,209.1,-0.8645,ENTRY_SELL
2026-02-20T10:53:25.090008+09:00,5016,3367.0,0.9333,4024900,3367.0,0.7099,ENTRY_BUY
2026-02-20T10:53:25.439005+09:00,5016,3367.0,0.9333,4027700,3367.0,0.8265,ENTRY_BUY
2026-02-20T10:53:37.735238+09:00,7013,4263.0,0.5455,3126200,4264.5,0.1737,ENTRY_BUY
2026-02-20T10:53:38.106994+09:00,7013,4266.0,0.5455,3127400,4264.5,0.2747,ENTRY_BUY
2026-02-20T10:53:38.473818+09:00,7013,4265.0,0.5455,3128600,4264.5,0.3710,ENTRY_BUY
2026-02-20T10:53:38.832228+09:00,7013,4264.0,0.6364,3128800,4264.8,0.5121,ENTRY_BUY
2026-02-20T10:53:39.172596+09:00,7013,4264.0,0.6364,3129500,4264.8,0.5782,ENTRY_BUY
2026-02-20T10:53:41.109922+09:00,9501,691.0,0.9020,1219400,691.2,0.7258,ENTRY_BUY
2026-02-20T10:53:41.478831+09:00,9501,691.1,-0.7600,1324300,691.1,-0.2398,EXIT_BUY
2026-02-20T10:54:12.591590+09:00,4582,210.0,0.0529,-3751800,210.1,0.0628,ENTRY_SELL
2026-02-20T10:54:33.694441+09:00,4582,210.0,0.2220,-2323500,209.6,0.3052,ENTRY_SELL
2026-02-20T10:54:34.482323+09:00,4582,210.0,0.2220,-2312600,209.6,0.2711,ENTRY_SELL
2026-02-20T10:56:57.360986+09:00,4582,207.0,0.9699,234200,207.0,0.9574,ENTRY_BUY
2026-02-20T10:57:07.764289+09:00,4582,206.0,-0.3034,471700,206.3,0.1564,EXIT_BUY
2026-02-20T10:57:32.099726+09:00,4582,206.0,0.9495,25000,206.0,0.6796,ENTRY_BUY
2026-02-20T10:57:33.764937+09:00,4582,206.0,-0.9897,143100,206.0,-0.8832,EXIT_BUY
2026-02-20T10:58:58.268252+09:00,4582,208.0,0.3318,599900,207.7,0.3226,ENTRY_BUY
2026-02-20T10:59:28.776845+09:00,4582,208.0,0.1897,1779400,207.6,0.3475,EXIT_BUY
2026-02-20T11:00:01.083070+09:00,4582,206.0,0.8657,11200,205.9,0.6522,ENTRY_BUY
2026-02-20T11:00:35.837048+09:00,4582,202.0,0.4921,1762300,202.7,0.6355,EXIT_BUY
2026-02-20T11:02:31.541148+09:00,4582,205.0,0.7701,4610100,205.9,0.6732,ENTRY_BUY
2026-02-20T11:02:50.728215+09:00,4582,206.0,-0.7396,8619800,206.1,0.1516,EXIT_BUY
2026-02-20T11:03:04.500936+09:00,4005,569.6,0.8462,1160000,569.6,0.8012,ENTRY_BUY
2026-02-20T11:03:06.878595+09:00,4005,569.8,-0.6364,1198700,569.7,-0.4913,EXIT_BUY
2026-02-20T11:03:15.186797+09:00,4582,207.0,-0.8251,-524500,207.1,-0.7035,ENTRY_SELL
2026-02-20T11:03:16.020070+09:00,4582,207.0,-0.8251,-539600,207.1,-0.7572,ENTRY_SELL
2026-02-20T11:03:16.847131+09:00,4582,207.0,-0.8659,-555100,207.1,-0.8108,ENTRY_SELL
2026-02-20T11:03:17.657436+09:00,4582,207.0,-0.8659,-570600,207.1,-0.8584,ENTRY_SELL
2026-02-20T11:06:46.605585+09:00,4582,204.0,0.7155,605100,203.9,0.6681,ENTRY_BUY
2026-02-20T11:06:57.229223+09:00,4582,201.0,0.3502,3448600,201.7,0.4048,EXIT_BUY
2026-02-20T11:13:58.376569+09:00,4582,197.0,0.9888,7932200,198.0,0.6971,ENTRY_BUY
2026-02-20T11:14:29.054640+09:00,4582,198.0,0.7067,10554700,197.9,0.8443,EXIT_BUY
2026-02-20T11:17:58.424198+09:00,4582,201.0,0.4275,9093200,200.7,0.2092,ENTRY_BUY
2026-02-20T11:18:29.763594+09:00,4582,200.0,-0.6449,8862700,199.2,-0.5754,EXIT_BUY
2026-02-20T11:20:01.616379+09:00,4582,200.0,-0.7373,-1892500,200.1,-0.6790,ENTRY_SELL
2026-02-20T11:20:02.445737+09:00,4582,200.0,-0.9565,-1936300,200.0,-0.9176,ENTRY_SELL
2026-02-20T12:05:55.535751+09:00,9501,689.3,-0.1267,-742900,689.9,-0.1147,ENTRY_SELL
2026-02-20T12:06:43.894328+09:00,9501,689.3,-0.0006,-1638000,689.7,-0.0877,EXIT_SELL
2026-02-20T12:08:59.456273+09:00,4755,819.2,-0.0224,-115500,819.9,-0.0220,ENTRY_SELL
2026-02-20T12:09:02.210796+09:00,4755,819.2,-0.0006,-122900,819.8,-0.0019,EXIT_SELL
2026-02-20T12:09:20.519536+09:00,4582,208.0,-0.0339,1741900,208.5,-0.0342,ENTRY_BUY
2026-02-20T12:09:51.288166+09:00,4582,208.0,-0.0589,1586800,208.5,-0.0362,EXIT_BUY
2026-02-20T12:11:27.496393+09:00,3103,1200.0,0.0909,494900,1195.5,0.0790,ENTRY_BUY
2026-02-20T12:11:33.775018+09:00,3103,1200.0,0.0900,505200,1195.5,0.0846,ENTRY_BUY
2026-02-20T12:11:36.344931+09:00,3103,1200.0,0.0915,515700,1195.5,0.0898,ENTRY_BUY
2026-02-20T12:14:16.006841+09:00,4582,208.0,0.0357,127100,208.5,0.0354,ENTRY_BUY
2026-02-20T12:15:42.538706+09:00,4582,208.0,0.0338,892200,208.5,0.0385,EXIT_BUY
2026-02-20T12:15:57.293279+09:00,9501,689.3,-0.1311,-1074100,689.9,-0.1220,ENTRY_SELL
2026-02-20T12:15:58.110871+09:00,9501,689.3,-0.1320,-1127300,689.9,-0.1319,ENTRY_SELL
2026-02-20T12:17:14.986943+09:00,4582,208.0,0.1000,2062900,208.5,0.0979,ENTRY_BUY
2026-02-20T12:17:55.426870+09:00,4582,208.0,0.0819,3725900,208.5,0.1099,EXIT_BUY
2026-02-20T12:18:02.237063+09:00,3103,1200.0,0.0299,861100,1190.5,0.0235,ENTRY_BUY
2026-02-20T12:18:03.166276+09:00,3103,1200.0,0.0328,866700,1190.5,0.0242,ENTRY_BUY
2026-02-20T12:18:03.652882+09:00,3103,1200.0,0.0334,872400,1190.5,0.0270,ENTRY_BUY
2026-02-20T12:18:05.680638+09:00,3103,1200.0,0.0339,878200,1190.5,0.0295,ENTRY_BUY
2026-02-20T12:20:19.186018+09:00,4582,208.0,0.0845,2948000,208.5,0.0818,ENTRY_BUY
2026-02-20T12:20:55.034900+09:00,4582,208.0,0.0786,3917400,208.5,0.0809,EXIT_BUY
2026-02-20T12:21:46.040561+09:00,4582,208.0,0.1095,931100,208.6,0.1015,ENTRY_BUY
2026-02-20T12:21:51.870969+09:00,4582,208.0,0.1095,975200,208.6,0.1060,ENTRY_BUY
2026-02-20T12:21:54.061859+09:00,268A,1762.0,-0.0785,-398500,1759.5,-0.0779,ENTRY_SELL
2026-02-20T12:23:25.605865+09:00,3103,1200.0,0.0299,1134800,1190.5,0.0290,ENTRY_BUY
2026-02-20T12:23:36.503235+09:00,3103,1200.0,0.0327,1145500,1190.5,0.0319,ENTRY_BUY
2026-02-20T12:24:53.447161+09:00,4582,208.0,0.1305,7069100,208.6,0.1121,ENTRY_BUY
2026-02-20T12:24:54.679360+09:00,4582,208.0,0.1301,7125800,208.6,0.1175,ENTRY_BUY
2026-02-20T12:26:02.773722+09:00,4005,566.9,-0.0263,-241400,566.9,-0.0201,ENTRY_SELL
2026-02-20T12:26:03.830161+09:00,4005,566.9,-0.0263,-248100,566.9,-0.0249,ENTRY_SELL
2026-02-20T12:26:04.647308+09:00,4005,566.9,-0.0383,-264900,566.9,-0.0350,ENTRY_SELL
2026-02-20T12:26:13.775481+09:00,4582,208.0,0.1431,9219800,208.6,0.1303,ENTRY_BUY
2026-02-20T12:26:14.417926+09:00,4005,566.9,-0.0574,-291100,566.9,-0.0508,ENTRY_SELL
2026-02-20T12:26:15.252824+09:00,4005,566.9,-0.0574,-306700,566.9,-0.0570,ENTRY_SELL
2026-02-20T12:26:25.622257+09:00,6378,1516.0,0.1220,25400,1516.6,0.1216,ENTRY_BUY
2026-02-20T12:26:52.391134+09:00,268A,1762.0,-0.0850,-627700,1759.5,-0.0510,ENTRY_SELL
2026-02-20T12:26:53.233487+09:00,268A,1762.0,-0.0850,-635800,1759.5,-0.0602,ENTRY_SELL
2026-02-20T12:26:54.078013+09:00,268A,1762.0,-0.0850,-643900,1759.5,-0.0681,ENTRY_SELL
2026-02-20T12:26:54.892734+09:00,268A,1762.0,-0.0850,-652000,1759.5,-0.0751,ENTRY_SELL
2026-02-20T12:27:25.510605+09:00,4582,208.0,0.1243,12119000,208.6,0.1189,ENTRY_BUY
2026-02-20T12:27:27.865594+09:00,4582,208.0,0.1294,12186100,208.6,0.1213,ENTRY_BUY
2026-02-20T12:27:28.345336+09:00,4582,208.0,0.1296,12253300,208.6,0.1237,ENTRY_BUY
2026-02-20T12:27:28.705486+09:00,4582,208.0,0.1296,12320500,208.6,0.1258,ENTRY_BUY
2026-02-20T12:27:29.205434+09:00,4582,208.0,0.1294,12387600,208.6,0.1276,ENTRY_BUY
2026-02-20T12:27:51.957515+09:00,4582,208.0,0.1425,13581900,208.6,0.1422,ENTRY_BUY
2026-02-20T12:28:18.836300+09:00,3103,1200.0,0.0419,1242700,1188.5,0.0148,ENTRY_BUY
2026-02-20T12:28:20.272358+09:00,3103,1200.0,0.0415,1251600,1188.5,0.0217,ENTRY_BUY
2026-02-20T12:28:21.236310+09:00,3103,1200.0,0.0419,1260600,1188.5,0.0273,ENTRY_BUY
2026-02-20T12:28:21.600151+09:00,3103,1200.0,0.0419,1269600,1188.5,0.0321,ENTRY_BUY
2026-02-20T12:28:23.222536+09:00,3103,1200.0,0.0419,1278600,1188.5,0.0363,ENTRY_BUY
2026-02-20T12:28:26.101801+09:00,3103,1200.0,0.0409,1287400,1188.5,0.0399,ENTRY_BUY
2026-02-20T12:28:54.806482+09:00,4582,208.0,0.1298,18466900,208.6,0.1282,ENTRY_BUY
2026-02-20T12:29:16.220631+09:00,3923,752.6,0.1114,753400,752.7,0.1077,ENTRY_BUY
2026-02-20T12:29:16.860448+09:00,3923,752.6,0.1188,762000,752.7,0.1121,ENTRY_BUY
2026-02-20T12:29:17.675273+09:00,3923,752.6,0.1224,770900,752.7,0.1165,ENTRY_BUY
2026-02-20T12:29:18.154395+09:00,3923,752.6,0.1260,780100,752.7,0.1211,ENTRY_BUY
2026-02-20T12:29:19.281266+09:00,3923,752.6,0.1320,789800,752.7,0.1262,ENTRY_BUY
2026-02-20T12:29:27.847858+09:00,3923,752.6,0.1332,799600,752.7,0.1310,ENTRY_BUY
2026-02-20T12:29:56.237414+09:00,4582,208.0,0.1267,24877400,208.6,0.1195,ENTRY_BUY
2026-02-20T12:29:56.749961+09:00,4582,208.0,0.1268,24959000,208.6,0.1217,ENTRY_BUY
2026-02-20T12:29:57.125045+09:00,4582,208.0,0.1274,25041000,208.6,0.1237,ENTRY_BUY
2026-02-20T12:30:01.111103+09:00,4755,819.2,0.0522,674200,819.3,0.0422,ENTRY_BUY
2026-02-20T12:30:01.729752+09:00,4755,819.2,0.0522,690200,819.3,0.0449,ENTRY_BUY
2026-02-20T12:30:02.188544+09:00,4755,820.0,0.0522,706200,819.3,0.0472,ENTRY_BUY
2026-02-20T12:30:02.615841+09:00,3923,752.6,0.9701,1247300,752.8,0.4556,ENTRY_BUY
2026-02-20T12:30:02.956951+09:00,4582,208.0,0.5193,25587200,208.8,0.2629,ENTRY_BUY
2026-02-20T12:30:05.832775+09:00,4582,209.0,-0.4627,26124200,208.3,-0.0986,EXIT_BUY
2026-02-20T12:30:06.174669+09:00,4005,568.3,-0.9375,-756500,568.4,-0.9125,ENTRY_SELL
2026-02-20T12:30:14.525414+09:00,4582,207.0,0.8417,83600,206.9,0.8013,ENTRY_BUY
2026-02-20T12:30:25.858703+09:00,4582,205.0,-0.7748,250200,205.1,-0.4416,EXIT_BUY
2026-02-20T12:30:26.927836+09:00,268A,1748.0,-0.8824,-1407600,1749.1,-0.8341,ENTRY_SELL
2026-02-20T12:30:34.212454+09:00,3923,755.2,0.7778,1362700,755.5,0.7576,ENTRY_BUY
2026-02-20T12:30:37.909386+09:00,4755,820.3,0.7778,611900,820.8,0.7530,ENTRY_BUY
2026-02-20T12:30:56.471981+09:00,4005,565.0,-0.5000,-339900,564.9,-0.3839,ENTRY_SELL
2026-02-20T12:31:02.036202+09:00,4005,565.0,-0.6364,-310000,564.9,-0.5331,ENTRY_SELL
2026-02-20T12:31:09.193207+09:00,4755,820.5,0.8462,577200,820.6,0.5171,ENTRY_BUY
2026-02-20T12:31:09.545068+09:00,4755,820.6,0.8462,578300,820.6,0.6240,ENTRY_BUY
2026-02-20T12:31:11.057365+09:00,268A,1752.0,-0.7143,-1420500,1751.3,-0.4773,ENTRY_SELL
2026-02-20T12:31:11.855990+09:00,268A,1752.0,-0.7143,-1421000,1751.3,-0.5826,ENTRY_SELL
2026-02-20T12:31:12.705673+09:00,268A,1752.0,-0.7500,-1421600,1751.2,-0.6831,ENTRY_SELL
2026-02-20T12:31:21.234700+09:00,3103,1219.0,0.7838,1731100,1218.9,0.7549,ENTRY_BUY
2026-02-20T12:31:28.757948+09:00,268A,1752.0,-0.7143,-1385800,1752.1,-0.2466,ENTRY_SELL
2026-02-20T12:31:29.568166+09:00,268A,1753.0,-0.7143,-1386300,1752.1,-0.3750,ENTRY_SELL
2026-02-20T12:31:30.393150+09:00,268A,1753.0,-0.7143,-1386800,1752.1,-0.4881,ENTRY_SELL
2026-02-20T12:31:35.084973+09:00,268A,1751.0,-0.6000,-1381900,1751.2,-0.5516,ENTRY_SELL
2026-02-20T12:31:44.382321+09:00,4755,821.8,0.8182,513800,821.9,0.8096,ENTRY_BUY
2026-02-20T12:31:50.026459+09:00,9501,690.8,0.6000,3259400,690.9,0.4836,ENTRY_BUY
2026-02-20T12:31:50.492160+09:00,9501,690.8,0.6000,3260000,690.9,0.5408,ENTRY_BUY
2026-02-20T12:31:52.043904+09:00,4005,564.7,-0.9286,-339000,564.6,-0.7161,ENTRY_SELL
2026-02-20T12:31:58.031125+09:00,268A,1749.0,-0.5000,-1338300,1748.5,-0.4394,ENTRY_SELL
2026-02-20T12:32:04.418794+09:00,3103,1225.0,0.8947,1835200,1225.9,0.4993,ENTRY_BUY
2026-02-20T12:32:04.768177+09:00,3103,1225.0,0.8947,1836900,1225.9,0.6323,ENTRY_BUY
2026-02-20T12:32:05.133890+09:00,3103,1225.0,0.8947,1838600,1225.9,0.7501,ENTRY_BUY
2026-02-20T12:32:53.784850+09:00,4005,565.8,-0.4545,-247600,565.8,-0.3994,ENTRY_SELL
2026-02-20T12:32:54.580598+09:00,4005,565.8,-0.4545,-248100,565.8,-0.4484,ENTRY_SELL
2026-02-20T12:32:58.132039+09:00,4005,566.1,-0.6667,-241300,566.1,-0.4369,ENTRY_SELL
2026-02-20T12:33:03.318696+09:00,4582,206.0,0.6082,3132400,204.8,-0.0650,ENTRY_BUY
2026-02-20T12:33:34.169243+09:00,4582,206.0,-0.7872,3016400,205.1,0.2165,EXIT_BUY
2026-02-20T12:33:39.571754+09:00,268A,1750.0,-0.1579,-1258100,1750.4,-0.0783,ENTRY_SELL
2026-02-20T12:33:40.373362+09:00,268A,1750.0,-0.1579,-1258400,1750.4,-0.1268,ENTRY_SELL
2026-02-20T12:33:41.194818+09:00,268A,1751.0,-0.1579,-1258700,1750.4,-0.1535,ENTRY_SELL
2026-02-20T12:34:08.283081+09:00,4582,205.0,0.6040,10400,204.8,0.4921,ENTRY_BUY
2026-02-20T12:34:31.220595+09:00,4582,205.0,-0.9526,914500,205.0,0.1923,EXIT_BUY
2026-02-20T12:34:32.958640+09:00,4005,566.7,-0.6667,-98100,566.7,-0.6405,ENTRY_SELL
2026-02-20T12:34:33.794771+09:00,4005,566.7,-0.7143,-98600,566.7,-0.7126,ENTRY_SELL
2026-02-20T12:34:39.482217+09:00,4005,567.0,-0.9000,-88300,566.9,-0.8158,ENTRY_SELL
2026-02-20T12:34:41.562084+09:00,268A,1751.0,-0.8462,-1084500,1751.1,-0.3239,ENTRY_SELL
2026-02-20T12:34:42.369311+09:00,268A,1751.0,-0.8462,-1085600,1751.1,-0.4627,ENTRY_SELL
2026-02-20T12:34:43.180877+09:00,268A,1752.0,-0.8462,-1086700,1751.1,-0.5750,ENTRY_SELL
2026-02-20T12:34:43.970105+09:00,268A,1752.0,-0.8462,-1087800,1751.1,-0.6838,ENTRY_SELL
2026-02-20T12:34:44.813533+09:00,6378,1510.0,0.8182,84700,1512.7,0.7120,ENTRY_BUY
2026-02-20T12:35:00.532787+09:00,9501,695.6,0.8333,2564000,695.4,0.8189,ENTRY_BUY
2026-02-20T12:35:15.234898+09:00,4755,822.8,0.8333,372500,822.9,0.7110,ENTRY_BUY
2026-02-20T12:35:15.611760+09:00,4755,823.0,0.8333,373500,822.9,0.8078,ENTRY_BUY
2026-02-20T12:35:22.366425+09:00,6378,1502.0,0.7778,81200,1502.8,0.7103,ENTRY_BUY
2026-02-20T12:35:28.084480+09:00,268A,1752.0,-0.5000,-812500,1751.2,0.0140,ENTRY_SELL
2026-02-20T12:35:28.891799+09:00,4582,200.0,0.9640,4960000,201.0,0.9285,ENTRY_BUY
2026-02-20T12:35:30.304129+09:00,4582,201.0,-0.0560,5935300,201.5,0.5893,EXIT_BUY
2026-02-20T12:35:35.773400+09:00,268A,1757.0,-0.3750,-776300,1756.6,-0.1360,ENTRY_SELL
2026-02-20T12:35:36.579409+09:00,268A,1757.0,-0.3750,-776900,1756.6,-0.2241,ENTRY_SELL
2026-02-20T12:35:37.381719+09:00,268A,1757.0,-0.3750,-777500,1756.6,-0.3038,ENTRY_SELL
2026-02-20T12:35:38.243674+09:00,4582,200.0,0.9379,135300,201.0,0.7909,ENTRY_BUY
2026-02-20T12:35:38.631217+09:00,4582,201.0,-0.4706,225500,201.3,-0.2374,EXIT_BUY
2026-02-20T12:35:53.062602+09:00,4582,201.0,0.6041,68000,201.6,0.3120,ENTRY_BUY
2026-02-20T12:36:23.624569+09:00,4582,201.0,0.2114,1270900,201.6,0.2514,EXIT_BUY
2026-02-20T12:36:34.827459+09:00,268A,1752.0,-0.6667,-620000,1752.2,-0.1929,ENTRY_SELL
2026-02-20T12:36:35.688819+09:00,268A,1752.0,-0.8667,-621300,1752.1,-0.3665,ENTRY_SELL
2026-02-20T12:36:36.513843+09:00,268A,1753.0,-0.8667,-622600,1752.1,-0.5078,ENTRY_SELL
2026-02-20T12:36:37.328009+09:00,268A,1753.0,-0.8667,-623900,1752.1,-0.6300,ENTRY_SELL
2026-02-20T12:36:38.130147+09:00,268A,1753.0,-0.8462,-625000,1752.1,-0.7353,ENTRY_SELL
2026-02-20T12:36:38.951599+09:00,268A,1753.0,-0.8571,-626200,1752.1,-0.8321,ENTRY_SELL
2026-02-20T12:36:39.788280+09:00,6378,1508.0,0.3333,64900,1509.0,0.2924,ENTRY_BUY
2026-02-20T12:36:40.171623+09:00,6378,1508.0,0.3333,65000,1509.0,0.3321,ENTRY_BUY
2026-02-20T12:36:40.566542+09:00,3923,757.0,0.7500,1542800,757.0,0.7121,ENTRY_BUY
2026-02-20T12:36:47.412021+09:00,3923,757.3,-0.3333,1552500,757.3,-0.1888,EXIT_BUY
2026-02-20T12:36:53.804015+09:00,4005,567.1,0.4340,1097700,567.1,0.0185,ENTRY_BUY
2026-02-20T12:37:24.366936+09:00,4005,566.8,-0.5556,1008500,566.8,-0.0875,EXIT_BUY
2026-02-20T12:37:32.298948+09:00,4582,199.0,0.9864,5857000,199.0,0.8480,ENTRY_BUY
2026-02-20T12:37:34.347247+09:00,4582,198.0,0.4805,6052600,198.7,0.5846,EXIT_BUY
2026-02-20T12:37:51.377842+09:00,268A,1751.0,-0.8947,-657800,1751.1,-0.6603,ENTRY_SELL
2026-02-20T12:37:52.195760+09:00,268A,1751.0,-0.8947,-659500,1751.1,-0.7546,ENTRY_SELL
2026-02-20T12:38:31.226684+09:00,4755,823.3,0.4595,301800,823.3,0.4447,ENTRY_BUY
2026-02-20T12:38:38.477032+09:00,4755,823.9,-0.9048,311100,823.9,-0.6428,EXIT_BUY
2026-02-20T12:38:47.334611+09:00,4582,198.0,-0.3989,-1566100,198.3,-0.3684,ENTRY_SELL
2026-02-20T12:38:48.136447+09:00,4582,198.0,-0.3989,-1587600,198.3,-0.3780,ENTRY_SELL
2026-02-20T12:38:52.058522+09:00,9501,694.7,0.5238,1812100,694.8,0.0897,ENTRY_BUY
2026-02-20T12:39:18.805254+09:00,9501,695.8,-0.6000,1691800,695.7,-0.3198,EXIT_BUY
2026-02-20T12:39:31.163125+09:00,6378,1507.0,0.8462,67100,1507.8,0.7365,ENTRY_BUY
2026-02-20T12:39:32.052472+09:00,4582,197.0,0.8917,172900,196.9,0.3674,ENTRY_BUY
2026-02-20T12:39:37.810185+09:00,4582,197.0,-0.9324,1137300,197.0,-0.4041,EXIT_BUY
2026-02-20T12:39:38.175695+09:00,9501,695.7,-0.8667,-589900,695.7,-0.6549,ENTRY_SELL
2026-02-20T12:39:39.015552+09:00,9501,695.8,-0.9259,-592400,695.7,-0.7799,ENTRY_SELL
2026-02-20T12:39:39.749427+09:00,9501,695.8,-0.9259,-594900,695.7,-0.8919,ENTRY_SELL
2026-02-20T12:39:57.299880+09:00,4755,824.4,-0.9344,-37000,824.4,-0.8983,ENTRY_SELL
2026-02-20T12:40:21.991416+09:00,4005,564.7,0.8929,149000,564.8,0.7575,ENTRY_BUY
2026-02-20T12:40:22.463748+09:00,4005,564.7,0.8621,154000,564.8,0.8571,ENTRY_BUY
2026-02-20T12:40:30.747573+09:00,268A,1750.0,-0.6667,-542700,1750.2,-0.1613,ENTRY_SELL
2026-02-20T12:40:31.546686+09:00,268A,1751.0,-0.6667,-543500,1750.2,-0.2737,ENTRY_SELL
2026-02-20T12:40:32.355805+09:00,268A,1751.0,-0.6667,-544300,1750.2,-0.3732,ENTRY_SELL
2026-02-20T12:40:33.155261+09:00,268A,1751.0,-0.4286,-544600,1750.3,-0.4246,ENTRY_SELL
2026-02-20T12:40:53.647713+09:00,4005,564.4,0.9333,80200,564.6,0.8890,ENTRY_BUY
2026-02-20T12:41:21.136009+09:00,4582,199.0,0.5446,2723500,198.8,0.5222,ENTRY_BUY
2026-02-20T12:41:48.687519+09:00,4582,199.0,-0.9832,5125200,199.0,0.3280,EXIT_BUY
2026-02-20T12:42:01.408423+09:00,9501,695.5,-0.7931,-202400,695.5,-0.4410,ENTRY_SELL
2026-02-20T12:42:02.159428+09:00,9501,695.5,-0.6970,-204700,695.5,-0.5537,ENTRY_SELL
2026-02-20T12:42:02.921160+09:00,9501,695.5,-0.6970,-207000,695.5,-0.6533,ENTRY_SELL
2026-02-20T12:42:12.607431+09:00,4005,566.1,0.2157,73900,566.1,0.0550,ENTRY_BUY
2026-02-20T12:42:13.408804+09:00,4005,566.1,0.2157,71200,566.1,0.1397,ENTRY_BUY
2026-02-20T12:42:16.244697+09:00,4005,566.1,0.5000,76200,566.1,0.4442,ENTRY_BUY
2026-02-20T12:42:21.656641+09:00,268A,1750.0,-0.1034,-418400,1749.9,-0.0883,ENTRY_SELL
2026-02-20T12:42:28.231623+09:00,6378,1511.0,0.6364,88400,1512.5,0.5920,ENTRY_BUY
2026-02-20T12:42:30.632512+09:00,9501,695.2,-0.8750,-234100,695.3,-0.8726,ENTRY_SELL
2026-02-20T12:42:31.383500+09:00,268A,1749.0,-0.6667,-417900,1749.2,-0.4736,ENTRY_SELL
2026-02-20T12:42:32.196960+09:00,268A,1749.0,-0.6667,-419100,1749.2,-0.5575,ENTRY_SELL
2026-02-20T12:42:33.039702+09:00,268A,1749.0,-0.6667,-420300,1749.2,-0.6327,ENTRY_SELL
2026-02-20T12:42:33.938580+09:00,4005,566.3,0.9149,64300,566.3,0.8139,ENTRY_BUY
2026-02-20T12:42:34.298731+09:00,4005,566.3,0.9014,77100,566.3,0.8938,ENTRY_BUY
2026-02-20T12:42:41.914174+09:00,9501,694.7,-0.9286,-124900,694.8,-0.9227,ENTRY_SELL
2026-02-20T12:42:52.727969+09:00,6378,1512.0,0.6000,82300,1511.4,0.5884,ENTRY_BUY
2026-02-20T12:43:01.283749+09:00,4755,823.3,-0.7143,-28600,823.3,-0.6935,ENTRY_SELL
2026-02-20T12:43:06.825228+09:00,4755,823.3,0.6923,-35100,823.4,0.5066,EXIT_SELL
2026-02-20T12:43:11.193465+09:00,4755,823.5,-0.8788,-400,823.5,-0.8111,ENTRY_SELL
2026-02-20T12:43:33.162234+09:00,4755,823.5,0.9091,-73400,823.5,0.3868,EXIT_SELL
2026-02-20T12:43:33.523754+09:00,6378,1505.0,0.5000,71700,1508.0,0.4985,ENTRY_BUY
2026-02-20T12:43:34.119991+09:00,3923,757.7,0.6667,87500,757.8,0.6032,ENTRY_BUY
2026-02-20T12:43:46.851924+09:00,3923,758.2,-0.6667,90600,758.1,-0.3922,EXIT_BUY
2026-02-20T12:43:48.528981+09:00,268A,1751.0,-0.7647,-340800,1750.1,-0.7258,ENTRY_SELL
2026-02-20T12:44:02.058310+09:00,3103,1217.0,0.8571,2178200,1216.9,0.7441,ENTRY_BUY
2026-02-20T12:44:03.346020+09:00,3103,1217.0,0.8571,2180600,1216.9,0.7975,ENTRY_BUY
2026-02-20T12:44:03.997319+09:00,4005,566.6,0.8039,624100,566.7,0.6977,ENTRY_BUY
2026-02-20T12:44:06.017889+09:00,4005,566.9,-0.8710,641700,566.8,-0.2490,EXIT_BUY
2026-02-20T12:44:20.532282+09:00,4582,202.0,0.5808,687300,201.8,0.5470,ENTRY_BUY
2026-02-20T12:44:24.529059+09:00,4582,202.0,-0.9438,1050000,202.0,-0.0093,EXIT_BUY
2026-02-20T12:44:28.234966+09:00,4005,566.6,-0.8750,-13400,566.8,-0.8430,ENTRY_SELL
2026-02-20T12:44:30.431700+09:00,4005,566.7,0.7222,-20700,566.7,0.3382,EXIT_SELL
2026-02-20T12:44:30.785581+09:00,6378,1497.0,0.7500,70000,1500.6,0.5482,ENTRY_BUY
2026-02-20T12:44:31.135032+09:00,6378,1497.0,0.6667,70400,1500.7,0.6251,ENTRY_BUY
2026-02-20T12:44:55.030804+09:00,4582,202.0,0.7427,2272900,201.9,0.6577,ENTRY_BUY
2026-02-20T12:44:57.118874+09:00,4582,202.0,-0.9174,2515300,202.0,0.1298,EXIT_BUY
2026-02-20T12:46:04.571948+09:00,3103,1225.0,0.7500,2424100,1224.9,0.5936,ENTRY_BUY
2026-02-20T12:46:31.792988+09:00,4582,201.0,0.7135,6450700,200.9,0.4176,ENTRY_BUY
2026-02-20T12:47:02.640969+09:00,4582,200.0,0.7498,13381600,200.9,0.7592,EXIT_BUY
2026-02-20T12:47:09.819150+09:00,6378,1483.0,0.5000,138300,1485.0,0.3855,ENTRY_BUY
2026-02-20T12:47:22.389809+09:00,6378,1486.0,0.9355,137900,1486.9,0.6801,ENTRY_BUY
2026-02-20T12:47:23.130879+09:00,6378,1486.0,0.9355,140800,1487.9,0.7878,ENTRY_BUY
2026-02-20T12:47:23.605559+09:00,6378,1486.0,0.9355,143700,1487.9,0.8844,ENTRY_BUY
2026-02-20T12:47:36.041223+09:00,4582,200.0,0.9090,544800,201.0,0.1377,ENTRY_BUY
2026-02-20T12:47:57.225470+09:00,4582,200.0,0.2173,3885000,200.6,0.3002,EXIT_BUY
2026-02-20T12:48:03.216868+09:00,6378,1491.0,0.5000,149400,1491.2,0.4546,ENTRY_BUY
2026-02-20T12:48:17.585955+09:00,4582,200.0,0.2705,1191300,200.6,0.2512,ENTRY_BUY
2026-02-20T12:48:18.395205+09:00,4582,201.0,0.1582,1278200,200.6,0.1604,EXIT_BUY
2026-02-20T12:48:25.888291+09:00,3103,1237.0,0.4000,2618800,1237.7,0.3739,ENTRY_BUY
2026-02-20T12:48:26.318309+09:00,3103,1237.0,0.4545,2619300,1237.7,0.4232,ENTRY_BUY
2026-02-20T12:48:40.527554+09:00,6378,1498.0,0.9024,128800,1498.8,0.4051,ENTRY_BUY
2026-02-20T12:48:40.902028+09:00,6378,1498.0,0.9024,132500,1498.8,0.5356,ENTRY_BUY
2026-02-20T12:48:41.323582+09:00,6378,1498.0,0.9024,136200,1498.8,0.6513,ENTRY_BUY
2026-02-20T12:48:41.771008+09:00,6378,1498.0,0.7727,139600,1497.7,0.7355,ENTRY_BUY
2026-02-20T12:48:42.234822+09:00,268A,1754.0,0.0000,-263200,1753.0,0.3704,ENTRY_SELL
2026-02-20T12:48:43.030313+09:00,268A,1754.0,0.0000,-263200,1753.0,0.2749,ENTRY_SELL
2026-02-20T12:48:43.848084+09:00,268A,1754.0,0.0000,-263200,1753.0,0.1981,ENTRY_SELL
2026-02-20T12:48:44.669565+09:00,268A,1754.0,0.0000,-263200,1753.0,0.1323,ENTRY_SELL
2026-02-20T12:48:45.491448+09:00,268A,1754.0,0.0000,-263200,1753.0,0.0742,ENTRY_SELL
2026-02-20T12:48:46.296237+09:00,268A,1755.0,0.0000,-263200,1753.0,0.0215,ENTRY_SELL
2026-02-20T12:48:47.157722+09:00,268A,1752.0,-0.3333,-257900,1751.3,-0.1580,ENTRY_SELL
2026-02-20T12:48:47.971719+09:00,268A,1752.0,-0.3333,-258600,1751.3,-0.2361,ENTRY_SELL
2026-02-20T12:49:06.950842+09:00,268A,1752.0,-0.7333,-193900,1752.1,-0.5213,ENTRY_SELL
2026-02-20T12:49:07.819754+09:00,268A,1752.0,-0.6250,-194900,1752.2,-0.5962,ENTRY_SELL
2026-02-20T12:49:18.096961+09:00,4005,567.8,0.7143,23400,567.9,0.4629,ENTRY_BUY
2026-02-20T12:49:59.038616+09:00,4005,567.9,0.1389,22600,568.0,0.1444,EXIT_BUY
2026-02-20T12:50:13.397605+09:00,9501,697.8,-0.9265,-4132200,697.7,-0.8465,ENTRY_SELL
2026-02-20T12:50:14.668870+09:00,9501,697.7,0.9200,-4188100,697.8,0.7356,EXIT_SELL
2026-02-20T12:50:33.074720+09:00,4582,199.0,0.7818,3451300,198.9,0.6567,ENTRY_BUY
2026-02-20T12:50:54.255546+09:00,4582,199.0,0.1014,4024300,198.6,0.1437,EXIT_BUY
2026-02-20T12:51:11.168871+09:00,4582,197.0,0.9694,30100,198.0,0.4387,ENTRY_BUY
2026-02-20T12:51:29.774084+09:00,4582,198.0,0.6597,3227600,197.8,0.7558,EXIT_BUY
2026-02-20T12:51:55.327493+09:00,3923,758.9,0.9048,128400,759.0,0.6864,ENTRY_BUY
2026-02-20T12:52:02.208919+09:00,3923,758.0,-0.2000,222000,757.9,-0.0836,EXIT_BUY
2026-02-20T12:52:21.091113+09:00,4582,197.0,0.8407,4323000,196.9,0.8343,ENTRY_BUY
2026-02-20T12:52:44.504218+09:00,4582,194.0,-0.2958,8867000,194.4,0.4628,EXIT_BUY
2026-02-20T12:52:47.660626+09:00,9501,697.2,-0.9643,-1096200,697.2,-0.8608,ENTRY_SELL
2026-02-20T12:52:57.708322+09:00,9501,697.4,0.2800,-1512100,697.4,0.0826,EXIT_SELL
2026-02-20T12:53:01.847324+09:00,4582,193.0,0.9896,856300,194.0,0.9383,ENTRY_BUY
2026-02-20T12:53:15.095307+09:00,4582,192.0,0.0712,4244500,192.5,0.1585,EXIT_BUY
2026-02-20T12:53:36.534797+09:00,6378,1509.0,0.3333,139500,1510.0,0.2289,ENTRY_BUY
2026-02-20T12:53:37.002704+09:00,6378,1509.0,0.6667,139900,1510.8,0.3553,ENTRY_BUY
2026-02-20T12:53:41.969044+09:00,6378,1509.0,0.6667,140300,1510.8,0.4648,ENTRY_BUY
2026-02-20T12:53:42.605705+09:00,6378,1509.0,0.6667,140700,1510.8,0.5617,ENTRY_BUY
2026-02-20T12:53:48.388314+09:00,4582,192.0,0.6187,1914700,192.8,0.4242,ENTRY_BUY
2026-02-20T12:54:13.585776+09:00,4582,194.0,-0.0959,8717300,194.5,0.6313,EXIT_BUY
2026-02-20T12:54:13.978172+09:00,268A,1750.0,0.6667,108300,1749.8,0.6104,ENTRY_BUY
2026-02-20T12:54:19.518062+09:00,4582,195.0,0.6933,75600,194.8,0.4854,ENTRY_BUY
2026-02-20T12:54:31.797194+09:00,4582,196.0,-0.8294,3603800,195.1,-0.0664,EXIT_BUY
2026-02-20T12:54:36.285697+09:00,6378,1508.0,0.5000,133500,1507.2,0.4082,ENTRY_BUY
2026-02-20T12:54:36.649250+09:00,6378,1508.0,0.5000,133700,1507.2,0.4759,ENTRY_BUY
2026-02-20T12:55:11.420723+09:00,4005,569.2,0.5385,339200,569.2,0.4378,ENTRY_BUY
2026-02-20T12:55:14.121840+09:00,4005,569.3,-0.8333,343500,569.2,-0.8178,EXIT_BUY
2026-02-20T12:55:20.281103+09:00,3923,756.8,0.6000,61500,756.9,0.5943,ENTRY_BUY
2026-02-20T12:55:21.542185+09:00,3923,756.9,-0.6667,61900,756.6,-0.4685,EXIT_BUY
2026-02-20T12:55:57.103715+09:00,268A,1753.0,0.6250,106100,1752.8,0.5629,ENTRY_BUY
2026-02-20T12:55:57.603263+09:00,268A,1753.0,0.6250,107100,1752.8,0.5883,ENTRY_BUY
2026-02-20T12:55:57.970364+09:00,268A,1753.0,0.7333,108200,1752.9,0.6710,ENTRY_BUY
2026-02-20T12:56:07.832784+09:00,4582,195.0,0.8980,9561000,195.9,0.5751,ENTRY_BUY
2026-02-20T12:56:23.315226+09:00,4582,195.0,-0.0126,15249700,195.5,0.0453,EXIT_BUY
2026-02-20T12:56:40.317484+09:00,4005,569.2,0.9792,50800,569.2,0.9419,ENTRY_BUY
2026-02-20T12:56:59.152555+09:00,268A,1750.0,0.7857,125800,1750.9,0.6880,ENTRY_BUY
2026-02-20T12:56:59.499730+09:00,268A,1750.0,0.7857,128000,1750.9,0.7460,ENTRY_BUY
2026-02-20T12:56:59.891315+09:00,4582,195.0,0.7981,80900,195.9,0.3900,ENTRY_BUY
2026-02-20T12:57:04.457058+09:00,4582,196.0,-0.6565,785600,196.2,-0.6230,EXIT_BUY
2026-02-20T12:57:11.408492+09:00,3103,1261.0,0.9894,3122700,1262.0,0.9421,ENTRY_BUY
2026-02-20T12:57:27.763681+09:00,4755,826.0,-0.4444,-1191400,825.9,-0.3941,ENTRY_SELL
2026-02-20T12:57:28.586294+09:00,4755,826.0,-0.4444,-1192200,825.9,-0.4444,ENTRY_SELL
2026-02-20T12:57:30.478360+09:00,4582,197.0,0.3691,22100,196.7,0.3596,ENTRY_BUY
2026-02-20T12:57:43.438625+09:00,4582,197.0,-0.5410,1274200,197.2,-0.0099,EXIT_BUY
2026-02-20T12:57:56.281907+09:00,4582,197.0,-0.8739,-828200,197.1,-0.7753,ENTRY_SELL
2026-02-20T12:57:57.099047+09:00,4582,197.0,-0.8739,-867000,197.1,-0.8310,ENTRY_SELL
2026-02-20T12:58:26.683330+09:00,6378,1489.0,0.5385,225300,1488.1,0.5166,ENTRY_BUY
2026-02-20T12:58:57.194572+09:00,4582,198.0,0.8058,16896000,197.9,0.7875,ENTRY_BUY
2026-02-20T12:59:23.894245+09:00,4582,198.0,-0.6044,31530500,198.2,0.4735,EXIT_BUY
2026-02-20T12:59:47.795566+09:00,4582,198.0,-0.2984,-964200,198.4,-0.2732,ENTRY_SELL
2026-02-20T12:59:48.612486+09:00,4582,198.0,-0.3101,-986400,198.3,-0.2867,ENTRY_SELL
2026-02-20T12:59:49.436396+09:00,4582,198.0,-0.3101,-1008600,198.3,-0.2990,ENTRY_SELL
2026-02-20T12:59:55.793012+09:00,268A,1751.0,0.8182,190100,1750.9,0.6693,ENTRY_BUY
2026-02-20T12:59:56.266935+09:00,268A,1751.0,0.8182,191000,1750.9,0.7317,ENTRY_BUY
2026-02-20T12:59:56.625577+09:00,268A,1751.0,0.8182,191900,1750.9,0.7900,ENTRY_BUY
2026-02-20T13:00:12.595278+09:00,3103,1257.0,0.6667,2945600,1256.8,0.3916,ENTRY_BUY
2026-02-20T13:00:13.546795+09:00,6378,1490.0,0.6000,212900,1490.6,0.1909,ENTRY_BUY
2026-02-20T13:00:14.039008+09:00,6378,1491.0,0.6000,213200,1490.6,0.3026,ENTRY_BUY
2026-02-20T13:00:14.406615+09:00,6378,1493.0,0.6000,213500,1490.6,0.3976,ENTRY_BUY
2026-02-20T13:00:14.771874+09:00,6378,1493.0,0.6000,213800,1490.6,0.4813,ENTRY_BUY
2026-02-20T13:00:15.119009+09:00,6378,1493.0,0.6000,214100,1490.6,0.5558,ENTRY_BUY
2026-02-20T13:00:15.512389+09:00,4582,200.0,-0.8281,-820200,199.1,-0.4713,ENTRY_SELL
2026-02-20T13:00:16.330308+09:00,4582,200.0,-0.8281,-917500,199.1,-0.5601,ENTRY_SELL
2026-02-20T13:00:17.121138+09:00,4582,200.0,-0.8281,-1014800,199.1,-0.6394,ENTRY_SELL
2026-02-20T13:00:17.904012+09:00,4582,200.0,-0.8271,-1111400,199.1,-0.7117,ENTRY_SELL
2026-02-20T13:00:18.738531+09:00,4582,200.0,-0.8271,-1208000,199.1,-0.7784,ENTRY_SELL
2026-02-20T13:00:44.920785+09:00,4755,825.2,-0.8571,-145200,825.2,-0.7217,ENTRY_SELL
2026-02-20T13:00:45.748181+09:00,4755,825.2,-0.8571,-146400,825.2,-0.8034,ENTRY_SELL
2026-02-20T13:00:46.550617+09:00,268A,1750.0,0.9459,186600,1750.0,0.5620,ENTRY_BUY
2026-02-20T13:00:46.903748+09:00,268A,1750.0,0.9459,193600,1750.0,0.6742,ENTRY_BUY
2026-02-20T13:00:47.260172+09:00,268A,1751.0,0.9459,200600,1750.0,0.7817,ENTRY_BUY
2026-02-20T13:00:47.622312+09:00,268A,1751.0,0.9459,207600,1750.0,0.8795,ENTRY_BUY
2026-02-20T13:00:54.188112+09:00,9501,696.5,0.7941,882100,696.7,0.6402,ENTRY_BUY
2026-02-20T13:01:01.390809+09:00,9501,696.8,-0.8750,920600,696.8,-0.7839,EXIT_BUY
2026-02-20T13:01:01.754509+09:00,4582,200.0,0.4578,3214400,199.7,0.4570,ENTRY_BUY
2026-02-20T13:01:10.208822+09:00,4582,198.0,-0.5636,5758100,198.2,0.1945,EXIT_BUY
2026-02-20T13:01:25.958873+09:00,4582,197.0,0.9722,26200,197.0,0.9548,ENTRY_BUY
2026-02-20T13:01:43.472958+09:00,4582,196.0,-0.0435,386000,196.5,0.0215,EXIT_BUY
2026-02-20T13:01:50.853137+09:00,3923,756.4,0.6000,1800,756.3,0.4775,ENTRY_BUY
2026-02-20T13:02:10.042100+09:00,3923,756.1,-0.6000,3800,756.1,-0.4023,EXIT_BUY
2026-02-20T13:02:21.494919+09:00,6378,1493.0,0.2000,217000,1496.0,0.1934,ENTRY_BUY
2026-02-20T13:02:32.022385+09:00,4582,200.0,-0.9286,-251900,199.0,-0.0307,ENTRY_SELL
2026-02-20T13:02:32.849697+09:00,4582,200.0,-0.9286,-277900,199.0,-0.2595,ENTRY_SELL
2026-02-20T13:02:33.691422+09:00,4582,200.0,-0.9286,-303900,199.0,-0.4405,ENTRY_SELL
2026-02-20T13:02:34.550023+09:00,4582,200.0,-0.6265,-324700,199.2,-0.5420,ENTRY_SELL
2026-02-20T13:03:12.293793+09:00,9501,697.6,-0.9184,-409300,697.7,-0.7873,ENTRY_SELL
2026-02-20T13:03:20.313786+09:00,9501,697.5,0.8333,-417000,697.4,0.6680,EXIT_SELL
2026-02-20T13:03:48.457140+09:00,4582,199.0,-0.5682,-11300,199.2,-0.5681,ENTRY_SELL
2026-02-20T13:03:49.289681+09:00,4582,199.0,-0.9067,-63800,199.0,-0.6551,ENTRY_SELL
2026-02-20T13:03:50.081907+09:00,4582,199.0,-0.8904,-115800,199.1,-0.7216,ENTRY_SELL
2026-02-20T13:03:50.898793+09:00,4582,199.0,-0.8904,-167800,199.1,-0.7784,ENTRY_SELL
2026-02-20T13:03:51.702555+09:00,4582,199.0,-0.8904,-219800,199.1,-0.8288,ENTRY_SELL
2026-02-20T13:03:52.496070+09:00,4582,199.0,-0.8904,-271800,199.1,-0.8740,ENTRY_SELL
2026-02-20T13:04:53.169244+09:00,3103,1243.0,0.7143,3288300,1243.9,0.6591,ENTRY_BUY
2026-02-20T13:04:53.566668+09:00,3103,1243.0,0.7143,3289300,1243.9,0.6810,ENTRY_BUY
2026-02-20T13:04:59.711614+09:00,268A,1756.0,0.4286,291200,1755.7,0.2431,ENTRY_BUY
2026-02-20T13:05:00.181677+09:00,268A,1756.0,0.6667,292000,1755.8,0.3449,ENTRY_BUY
2026-02-20T13:05:00.572082+09:00,268A,1756.0,0.6667,292800,1755.8,0.4319,ENTRY_BUY
2026-02-20T13:05:00.957480+09:00,268A,1757.0,0.6667,293600,1755.8,0.5136,ENTRY_BUY
2026-02-20T13:05:01.623898+09:00,3103,1245.0,0.4286,3278100,1244.4,0.3582,ENTRY_BUY
2026-02-20T13:05:03.382631+09:00,268A,1762.0,0.8095,248000,1762.8,0.6467,ENTRY_BUY
2026-02-20T13:05:03.757697+09:00,268A,1762.0,0.8095,249700,1762.8,0.7420,ENTRY_BUY
2026-02-20T13:05:16.815246+09:00,4582,198.0,0.7832,1774000,197.9,0.7486,ENTRY_BUY
2026-02-20T13:05:18.092266+09:00,4582,198.0,-0.8596,1814400,198.1,0.2070,EXIT_BUY
2026-02-20T13:05:22.624500+09:00,4005,568.6,-0.8462,-245100,568.6,-0.8257,ENTRY_SELL
2026-02-20T13:06:00.780658+09:00,4005,568.8,-0.1176,-289000,568.7,-0.2571,EXIT_SELL
2026-02-20T13:06:08.322437+09:00,6378,1495.0,0.8182,211400,1494.9,0.6762,ENTRY_BUY
2026-02-20T13:06:16.893765+09:00,4005,568.7,-0.5294,-45900,568.7,-0.5101,ENTRY_SELL
2026-02-20T13:06:29.336811+09:00,4005,569.2,0.1579,-129900,569.3,-0.2870,EXIT_SELL
2026-02-20T13:06:52.352126+09:00,9501,696.0,0.1064,1659800,696.1,0.0379,ENTRY_BUY
2026-02-20T13:06:57.308048+09:00,9501,696.2,-0.8889,1662000,696.1,-0.8587,EXIT_BUY
2026-02-20T13:07:21.197254+09:00,3103,1242.0,0.8462,3208500,1242.9,0.6659,ENTRY_BUY
2026-02-20T13:07:33.153410+09:00,4582,197.0,0.9514,1447200,197.0,0.3563,ENTRY_BUY
2026-02-20T13:08:04.453051+09:00,4582,198.0,-0.4384,2025100,197.3,-0.3903,EXIT_BUY
2026-02-20T13:08:18.739135+09:00,4582,197.0,-0.6622,-593100,197.2,-0.5831,ENTRY_SELL
2026-02-20T13:08:19.550470+09:00,4582,197.0,-0.6622,-632700,197.2,-0.6328,ENTRY_SELL
2026-02-20T13:08:21.477914+09:00,3923,757.1,0.5000,88000,757.2,0.4969,ENTRY_BUY
2026-02-20T13:08:40.738607+09:00,3923,757.6,-0.3333,96700,757.6,-0.2043,EXIT_BUY
2026-02-20T13:09:02.532889+09:00,4005,570.3,-0.2632,-27200,570.2,-0.2191,ENTRY_SELL
2026-02-20T13:09:33.880530+09:00,4005,570.3,0.0588,4500,570.4,-0.0127,EXIT_SELL
2026-02-20T13:09:46.833746+09:00,4582,197.0,0.9843,24422600,197.0,0.9838,ENTRY_BUY
2026-02-20T13:09:48.849429+09:00,4582,197.0,-0.9356,26041200,197.0,0.5256,EXIT_BUY
2026-02-20T13:10:17.875340+09:00,6378,1505.0,0.6667,191500,1504.5,0.5272,ENTRY_BUY
2026-02-20T13:10:18.239019+09:00,6378,1505.0,0.6667,191900,1504.5,0.6011,ENTRY_BUY
2026-02-20T13:10:43.192953+09:00,4755,825.0,-0.7500,-856500,824.8,-0.6272,ENTRY_SELL
2026-02-20T13:10:52.018485+09:00,9501,696.2,-0.8889,-756700,696.2,-0.8621,ENTRY_SELL
2026-02-20T13:10:55.217075+09:00,9501,696.1,0.7391,-774100,696.1,0.2397,EXIT_SELL
2026-02-20T13:11:04.086072+09:00,3103,1245.0,0.7500,2903600,1244.9,0.3657,ENTRY_BUY
2026-02-20T13:11:04.457142+09:00,3103,1244.0,0.7500,2904800,1244.9,0.4751,ENTRY_BUY
2026-02-20T13:11:04.809727+09:00,3103,1244.0,0.7333,2905900,1244.9,0.5734,ENTRY_BUY
2026-02-20T13:11:05.179556+09:00,3103,1244.0,0.7333,2907000,1244.9,0.6611,ENTRY_BUY
2026-02-20T13:11:16.660607+09:00,4005,570.2,-0.8261,-54400,570.2,-0.7770,ENTRY_SELL
2026-02-20T13:11:51.325060+09:00,4005,570.0,0.8667,-90400,570.0,-0.1123,EXIT_SELL
2026-02-20T13:11:58.586056+09:00,268A,1780.0,0.6667,358400,1779.8,0.5819,ENTRY_BUY
2026-02-20T13:11:58.946220+09:00,268A,1780.0,0.6667,359200,1779.8,0.6648,ENTRY_BUY
2026-02-20T13:12:04.081920+09:00,9501,695.7,-0.8077,-14800,695.7,-0.8075,ENTRY_SELL
2026-02-20T13:12:04.990132+09:00,9501,695.7,-0.8889,-6500,695.7,-0.8683,ENTRY_SELL
2026-02-20T13:12:23.351186+09:00,3103,1242.0,0.8462,2989200,1241.9,0.7730,ENTRY_BUY
2026-02-20T13:12:45.144761+09:00,3103,1241.0,0.7297,2946000,1240.9,0.6085,ENTRY_BUY
2026-02-20T13:12:45.623280+09:00,3103,1241.0,0.7436,2948900,1240.9,0.7040,ENTRY_BUY
2026-02-20T13:12:49.304973+09:00,4755,824.9,-0.6842,-585600,825.0,-0.6800,ENTRY_SELL
2026-02-20T13:13:26.229025+09:00,3103,1240.0,0.9333,3026800,1240.0,0.8704,ENTRY_BUY
2026-02-20T13:13:26.611056+09:00,3103,1240.0,0.9333,3029600,1240.0,0.9092,ENTRY_BUY
2026-02-20T13:13:45.082480+09:00,6378,1524.0,0.5000,125400,1521.8,0.4391,ENTRY_BUY
2026-02-20T13:13:45.451872+09:00,6378,1524.0,0.5000,125600,1521.8,0.4951,ENTRY_BUY
2026-02-20T13:14:00.825024+09:00,268A,1791.0,0.6364,239100,1791.8,0.2043,ENTRY_BUY
2026-02-20T13:14:01.217720+09:00,268A,1791.0,0.7143,240100,1791.9,0.3226,ENTRY_BUY
2026-02-20T13:14:01.720438+09:00,268A,1791.0,0.8095,241800,1791.9,0.4414,ENTRY_BUY
2026-02-20T13:14:02.142572+09:00,268A,1791.0,0.8095,243500,1791.9,0.5613,ENTRY_BUY
2026-02-20T13:14:02.518586+09:00,268A,1792.0,0.8095,245200,1791.9,0.6688,ENTRY_BUY
2026-02-20T13:14:02.862962+09:00,268A,1792.0,0.8095,246900,1791.9,0.7658,ENTRY_BUY
2026-02-20T13:14:05.925355+09:00,4582,196.0,0.9371,54327500,197.0,0.0680,ENTRY_BUY
2026-02-20T13:14:37.555567+09:00,4582,196.0,0.7034,65635200,196.9,0.7418,EXIT_BUY
2026-02-20T13:14:46.988598+09:00,4005,571.4,0.5263,184400,571.4,0.5154,ENTRY_BUY
2026-02-20T13:15:02.136329+09:00,4005,571.7,-0.6923,232500,571.7,-0.2363,EXIT_BUY
2026-02-20T13:15:20.251248+09:00,268A,1809.0,0.7333,213900,1808.9,0.6595,ENTRY_BUY
2026-02-20T13:15:20.624057+09:00,268A,1809.0,0.7333,215000,1808.9,0.6920,ENTRY_BUY
2026-02-20T13:15:20.999637+09:00,268A,1809.0,0.7333,216100,1808.9,0.6987,ENTRY_BUY
2026-02-20T13:15:21.362925+09:00,268A,1809.0,0.7333,217200,1808.9,0.6897,ENTRY_BUY
2026-02-20T13:15:30.495152+09:00,4755,825.6,-0.7500,-748600,825.6,-0.6921,ENTRY_SELL
2026-02-20T13:16:14.854331+09:00,3103,1237.0,0.4074,2980200,1236.7,0.1216,ENTRY_BUY
2026-02-20T13:16:15.203192+09:00,3103,1237.0,0.4074,2981300,1236.7,0.2158,ENTRY_BUY
2026-02-20T13:16:15.576383+09:00,3103,1236.0,0.4074,2982400,1236.7,0.2991,ENTRY_BUY
2026-02-20T13:16:16.460153+09:00,3103,1235.0,0.6190,2983900,1234.8,0.4740,ENTRY_BUY
2026-02-20T13:16:16.826699+09:00,3103,1235.0,0.6667,2986700,1234.8,0.5698,ENTRY_BUY
2026-02-20T13:17:03.821295+09:00,9501,696.8,-0.7176,-703300,696.8,-0.7043,ENTRY_SELL
2026-02-20T13:17:04.651756+09:00,9501,696.7,0.6774,-713400,696.7,-0.0941,EXIT_SELL
2026-02-20T13:17:24.995952+09:00,6378,1515.0,0.8333,75800,1517.8,0.7312,ENTRY_BUY
2026-02-20T13:17:39.181060+09:00,3103,1243.0,0.6250,2945400,1243.8,0.5208,ENTRY_BUY
2026-02-20T13:17:39.659968+09:00,3103,1243.0,0.6250,2946400,1243.8,0.5848,ENTRY_BUY
2026-02-20T13:17:58.813455+09:00,268A,1789.0,0.7143,30600,1789.9,0.6959,ENTRY_BUY
2026-02-20T13:18:03.285189+09:00,3103,1245.0,0.6667,2859300,1245.7,0.4411,ENTRY_BUY
2026-02-20T13:18:05.042041+09:00,4755,828.4,-0.5714,-770000,828.4,-0.4237,ENTRY_SELL
2026-02-20T13:18:05.886232+09:00,4755,828.4,-0.5714,-770800,828.4,-0.4651,ENTRY_SELL
2026-02-20T13:18:06.719598+09:00,4755,828.4,-0.7500,-772600,828.4,-0.5349,ENTRY_SELL
2026-02-20T13:18:07.551312+09:00,4755,828.6,-0.7500,-774400,828.4,-0.6337,ENTRY_SELL
2026-02-20T13:18:08.389362+09:00,4755,828.6,-0.7500,-776200,828.4,-0.7236,ENTRY_SELL
2026-02-20T13:19:12.612383+09:00,3103,1246.0,0.8462,2675500,1245.9,0.7934,ENTRY_BUY
2026-02-20T13:19:26.887041+09:00,4005,570.9,0.7500,175600,570.9,0.6784,ENTRY_BUY
2026-02-20T13:19:31.324864+09:00,6378,1522.0,0.8182,71900,1522.9,0.6694,ENTRY_BUY
2026-02-20T13:19:31.730286+09:00,6378,1522.0,0.8182,73700,1522.9,0.7303,ENTRY_BUY
2026-02-20T13:19:33.730003+09:00,6378,1523.0,0.8182,75500,1523.8,0.8029,ENTRY_BUY
2026-02-20T13:19:48.005978+09:00,4582,197.0,0.9342,48107200,197.0,-0.0808,ENTRY_BUY
2026-02-20T13:20:30.244348+09:00,4582,196.0,0.6224,54329200,196.8,0.6507,EXIT_BUY
2026-02-20T13:20:35.258949+09:00,6378,1528.0,0.6000,107000,1527.8,0.4267,ENTRY_BUY
2026-02-20T13:20:35.621568+09:00,6378,1528.0,0.6000,107300,1527.8,0.4669,ENTRY_BUY
2026-02-20T13:20:35.966989+09:00,6378,1528.0,0.6000,107600,1527.8,0.5365,ENTRY_BUY
2026-02-20T13:20:39.247636+09:00,4005,570.9,0.7681,74600,571.0,0.3589,ENTRY_BUY
2026-02-20T13:20:39.623728+09:00,4005,570.9,0.5918,77500,571.0,0.4578,ENTRY_BUY
2026-02-20T13:20:40.220746+09:00,4005,570.9,0.5918,80400,571.0,0.5482,ENTRY_BUY
2026-02-20T13:20:51.950498+09:00,6378,1530.0,0.5000,82400,1530.2,0.3515,ENTRY_BUY
2026-02-20T13:20:52.296577+09:00,6378,1530.0,0.5000,82600,1530.2,0.4144,ENTRY_BUY
2026-02-20T13:20:52.667304+09:00,6378,1532.0,0.5000,82800,1530.2,0.4808,ENTRY_BUY
2026-02-20T13:20:56.642640+09:00,4755,827.5,-0.9730,-850400,827.6,-0.9559,ENTRY_SELL
2026-02-20T13:21:15.773017+09:00,3103,1239.0,0.8824,2571200,1243.9,0.6935,ENTRY_BUY
2026-02-20T13:21:16.123563+09:00,3103,1239.0,0.8824,2572700,1243.9,0.7589,ENTRY_BUY
2026-02-20T13:21:16.466256+09:00,3103,1240.0,0.8824,2574200,1243.9,0.8206,ENTRY_BUY
2026-02-20T13:21:16.819799+09:00,3103,1240.0,0.8824,2575700,1243.9,0.8790,ENTRY_BUY
2026-02-20T13:21:23.097367+09:00,9501,697.4,-0.5714,-923100,697.3,-0.3400,ENTRY_SELL
2026-02-20T13:21:23.934222+09:00,9501,697.4,-0.5714,-924700,697.3,-0.4253,ENTRY_SELL
2026-02-20T13:21:54.123177+09:00,4582,196.0,0.8496,10837500,195.9,0.7787,ENTRY_BUY
2026-02-20T13:21:59.724223+09:00,4582,195.0,-0.0718,11720800,195.5,0.1570,EXIT_BUY
2026-02-20T13:22:10.968642+09:00,9501,697.2,-0.6667,-894900,697.1,-0.5989,ENTRY_SELL
2026-02-20T13:22:11.802069+09:00,9501,697.2,-0.6667,-895300,697.1,-0.6645,ENTRY_SELL
2026-02-20T13:23:44.064183+09:00,3103,1239.0,0.7037,2678400,1239.9,0.6071,ENTRY_BUY
2026-02-20T13:23:44.452573+09:00,3103,1239.0,0.7037,2680300,1239.9,0.6916,ENTRY_BUY
2026-02-20T13:24:03.788659+09:00,4582,193.0,0.7712,4525700,192.9,0.4033,ENTRY_BUY
2026-02-20T13:24:20.730820+09:00,4582,192.0,-0.1135,5168800,192.4,-0.0877,EXIT_BUY
2026-02-20T13:24:31.803671+09:00,3103,1241.0,0.5556,2300000,1240.8,0.5044,ENTRY_BUY
2026-02-20T13:24:32.170854+09:00,3103,1240.0,0.5556,2301000,1240.8,0.5256,ENTRY_BUY
2026-02-20T13:25:17.461229+09:00,4582,191.0,0.6969,7740600,190.8,0.4847,ENTRY_BUY
2026-02-20T13:25:21.455331+09:00,4582,188.0,-0.7759,9015900,188.1,-0.4794,EXIT_BUY
2026-02-20T13:25:29.865745+09:00,6378,1531.0,0.6000,120300,1533.0,0.4415,ENTRY_BUY
2026-02-20T13:25:30.221127+09:00,6378,1531.0,0.6000,120600,1533.0,0.5443,ENTRY_BUY
2026-02-20T13:26:10.023027+09:00,4005,571.0,-0.7273,-189900,571.0,-0.7074,ENTRY_SELL
2026-02-20T13:26:22.948766+09:00,4755,828.8,-0.6000,-1143000,828.8,-0.4600,ENTRY_SELL
2026-02-20T13:26:30.722728+09:00,4755,828.4,-0.4286,-1056300,828.5,-0.3179,ENTRY_SELL
2026-02-20T13:26:31.536702+09:00,4755,828.4,-0.4286,-1057200,828.5,-0.3956,ENTRY_SELL
2026-02-20T13:26:40.642932+09:00,4005,570.7,-0.9444,-162300,570.7,-0.7410,ENTRY_SELL
2026-02-20T13:26:41.463277+09:00,4005,570.7,-0.9444,-165700,570.7,-0.8226,ENTRY_SELL
2026-02-20T13:26:48.148570+09:00,268A,1811.0,-0.0909,-465600,1810.5,0.1345,ENTRY_SELL
2026-02-20T13:26:48.997770+09:00,268A,1811.0,-0.0909,-465700,1810.5,0.0666,ENTRY_SELL
2026-02-20T13:26:49.883569+09:00,268A,1811.0,-0.0769,-465600,1810.5,-0.0429,ENTRY_SELL
2026-02-20T13:26:53.427312+09:00,268A,1811.0,-0.8462,-460400,1811.1,-0.3071,ENTRY_SELL
2026-02-20T13:26:54.271579+09:00,268A,1811.0,-0.5556,-460900,1811.2,-0.4075,ENTRY_SELL
2026-02-20T13:27:04.415219+09:00,4755,828.7,-0.7576,-1021600,828.7,-0.2178,ENTRY_SELL
2026-02-20T13:27:05.225402+09:00,4755,828.7,-0.7576,-1024100,828.7,-0.3677,ENTRY_SELL
2026-02-20T13:27:06.047851+09:00,4755,828.7,-0.7576,-1026600,828.7,-0.4950,ENTRY_SELL
2026-02-20T13:27:06.860075+09:00,4755,828.7,-0.7576,-1029100,828.7,-0.6082,ENTRY_SELL
2026-02-20T13:27:18.464239+09:00,3103,1239.0,0.8761,2315400,1238.9,0.5315,ENTRY_BUY
2026-02-20T13:27:23.291092+09:00,4582,183.0,0.8787,2663200,182.9,0.7762,ENTRY_BUY
2026-02-20T13:27:48.431148+09:00,4582,182.0,0.4003,5504600,182.7,0.4678,EXIT_BUY
2026-02-20T13:28:27.844335+09:00,9501,701.9,-0.9749,-5551000,701.9,-0.7613,ENTRY_SELL
2026-02-20T13:28:28.758975+09:00,9501,701.9,-0.9749,-5690800,701.9,-0.8460,ENTRY_SELL
2026-02-20T13:28:29.557371+09:00,9501,701.9,-0.9750,-5831000,701.9,-0.9226,ENTRY_SELL
2026-02-20T13:28:48.922335+09:00,9501,701.7,-0.9200,-7397600,701.6,-0.8611,ENTRY_SELL
2026-02-20T13:29:02.194168+09:00,4582,181.0,0.1121,460300,181.1,0.0213,ENTRY_BUY
2026-02-20T13:29:22.986028+09:00,4582,181.0,-0.3131,610600,181.3,-0.1350,EXIT_BUY
2026-02-20T13:29:53.751932+09:00,268A,1805.0,0.0000,-256200,1805.5,0.0521,ENTRY_SELL
2026-02-20T13:29:54.564381+09:00,268A,1805.0,0.0000,-256200,1805.5,0.0915,ENTRY_SELL
2026-02-20T13:29:58.393192+09:00,268A,1805.0,-0.1667,-255400,1805.4,0.0144,ENTRY_SELL
2026-02-20T13:29:59.467941+09:00,268A,1805.0,-0.8571,-256600,1805.1,-0.2103,ENTRY_SELL
2026-02-20T13:30:00.269842+09:00,4005,570.8,-0.8462,-122800,570.8,-0.7890,ENTRY_SELL
2026-02-20T13:30:01.085508+09:00,268A,1805.0,-0.8462,-257700,1805.1,-0.3811,ENTRY_SELL
2026-02-20T13:30:01.932425+09:00,268A,1805.0,-0.8462,-258800,1805.1,-0.5256,ENTRY_SELL
2026-02-20T13:30:07.717282+09:00,9501,701.0,-0.9024,-7599300,700.9,-0.1835,ENTRY_SELL
2026-02-20T13:30:08.528237+09:00,9501,700.9,-0.9024,-7603000,700.9,-0.3703,ENTRY_SELL
2026-02-20T13:30:09.324095+09:00,9501,700.9,-0.9024,-7606700,700.9,-0.5243,ENTRY_SELL
2026-02-20T13:30:14.535905+09:00,6378,1530.0,-0.7500,-7100,1530.4,-0.7435,ENTRY_SELL
2026-02-20T13:30:17.351330+09:00,9501,700.5,-0.8750,-7531100,700.4,-0.7962,ENTRY_SELL
2026-02-20T13:30:41.564510+09:00,3103,1231.0,0.9032,3809200,1231.0,0.8077,ENTRY_BUY
2026-02-20T13:30:43.520541+09:00,3103,1231.0,0.9833,3842200,1231.0,0.8767,ENTRY_BUY
2026-02-20T13:30:44.782658+09:00,3103,1231.0,0.9669,3853900,1231.0,0.9085,ENTRY_BUY
2026-02-20T13:30:45.950413+09:00,3103,1230.0,0.9669,3865600,1231.0,0.9361,ENTRY_BUY
